시간,X,Y,압력_NORMAL,버튼
1765893106942,50,50,0.5,1
1765893106962,55,53,0.45,1
1765893106982,60,56,0.5,1
1765893107002,65,59,0.55,1
1765893107022,70,62,0.6000000000000001,1
1765893107042,75,65,0.65,1
1765893107062,80,68,0.7000000000000001,1
1765893107082,85,71,0.75,1
1765893107122,90,74,0.0,0
