시간,X,Y,압력_NORMAL,버튼
1765893115219,50,50,0.5,1
1765893115239,55,53,0.45,1
1765893115259,60,56,0.5,1
1765893115279,65,59,0.55,1
1765893115299,70,62,0.6000000000000001,1
1765893115319,75,65,0.65,1
1765893115339,80,68,0.7000000000000001,1
1765893115359,85,71,0.75,1
1765893115399,90,74,0.0,0
