시간,X,Y,압력_NORMAL,버튼
1765892963124,50,50,0.5,1
1765892963144,55,53,0.45,1
1765892963164,60,56,0.5,1
1765892963184,65,59,0.55,1
1765892963204,70,62,0.6000000000000001,1
1765892963224,75,65,0.65,1
1765892963244,80,68,0.7000000000000001,1
1765892963264,85,71,0.75,1
1765892963304,90,74,0.0,0
